{
  "LANGUAGE": "en",
  "MAX_SLEEP_SECS": 300,
  "RUN_ENV": "prod",
  "COOKIE_MIHOYOBBS": "",
  "COOKIE_BH3": "",
  "COOKIE_MIYOUBI": "",
  "CLOUD_GENSHIN": [{
    "x-rpc-combo_token": "ai=x;ci=x;oi=xxxxxx;ct=xxxxxx;si=xxxxxx;bi=xxxxxx",
    "x-rpc-client_type": "",
    "x-rpc-app_version": "",
    "x-rpc-sys_version": "",
    "x-rpc-channel": "mihoyo",
    "x-rpc-device_id": "",
    "x-rpc-device_name": "",
    "x-rpc-device_model": "",
    "x-rpc-app_id": "",
    "Referer": "https://app.mihoyo.com",
    "Host": "api-cloudgame.mihoyo.com",
    "Connection": "Keep-Alive",
    "Accept-Encoding": "gzip",
    "User-Agent": "okhttp/3.14.9"
  }],
  "COOKIE_HOYOLAB": "",
  "COOKIE_WEIBO": "",
  "COOKIE_KA": "",
  "BARK_KEY": "",
  "BARK_SOUND": "healthnotification",
  "COOL_PUSH_SKEY": "",
  "COOL_PUSH_MODE": "send",
  "CUSTOM_NOTIFIER": {
    "method": "post",
    "url": "",
    "data": {
    },
    "retcode_key": "",
    "retcode_value": 200,
    "data_type": "data",
    "merge_title_and_desp": false,
    "set_data_title": "",
    "set_data_sub_title": "",
    "set_data_desp": ""
  },
  "DD_BOT_TOKEN": "",
  "DD_BOT_SECRET": "",
  "DISCORD_WEBHOOK": "",
  "IGOT_KEY": "",
  "PUSH_PLUS_TOKEN": "",
  "PUSH_PLUS_USER": "",
  "SCKEY": "",
  "SCTKEY": "",
  "TG_BOT_API": "api.telegram.org",
  "TG_BOT_TOKEN": "",
  "TG_USER_ID": "",
  "WW_ID": "",
  "WW_APP_SECRET": "",
  "WW_APP_USERID": "@all",
  "WW_APP_AGENTID": "",
  "WW_BOT_KEY": ""
}
